epoch,steps,cosine_pearson,cosine_spearman,euclidean_pearson,euclidean_spearman,manhattan_pearson,manhattan_spearman,dot_pearson,dot_spearman
0,-1,0.9042012575260113,0.861861256477431,0.8748073814104841,0.8618612564881867,0.874043889142092,0.861124201074235,0.9042012656560005,0.8618612564559196
1,-1,0.8889849893928098,0.8586860139458686,0.8587255988551477,0.8586860140155231,0.8566382027133154,0.8574081050088069,0.8889849885808985,0.8586860139512267
2,-1,0.8824686721224211,0.8552662528401959,0.8527459054009269,0.8552661964168007,0.8495393385076705,0.8528266546894924,0.8824686778713409,0.8552662528081756
3,-1,0.8738569929115081,0.8510700378263373,0.8446731741194069,0.8510700378794425,0.8404164389866258,0.8482710559926281,0.8738570066316277,0.8510700377997849
4,-1,0.8735367751877547,0.8515407869691645,0.8439184217809877,0.8515407305616167,0.8397021239518215,0.8485905896928925,0.8735367698624394,0.8515407305031688
